date,cash,positions_value,equity
2021-03-22,10000.0,0.0,10000.0
2021-03-23,10000.0,0.0,10000.0
2021-03-24,10000.0,0.0,10000.0
2021-03-25,10000.0,0.0,10000.0
2021-03-26,10000.0,0.0,10000.0
2021-03-29,10000.0,0.0,10000.0
2021-03-30,10000.0,0.0,10000.0
2021-03-31,10000.0,0.0,10000.0
2021-04-01,10000.0,0.0,10000.0
2021-04-05,10000.0,0.0,10000.0
2021-04-06,10000.0,0.0,10000.0
2021-04-07,10000.0,0.0,10000.0
2021-04-08,10000.0,0.0,10000.0
2021-04-09,10000.0,0.0,10000.0
2021-04-12,10000.0,0.0,10000.0
2021-04-13,10000.0,0.0,10000.0
2021-04-14,10000.0,0.0,10000.0
2021-04-15,10000.0,0.0,10000.0
2021-04-16,10000.0,0.0,10000.0
2021-04-19,10000.0,0.0,10000.0
2021-04-20,10000.0,0.0,10000.0
2021-04-21,10000.0,0.0,10000.0
2021-04-22,10000.0,0.0,10000.0
2021-04-23,10000.0,0.0,10000.0
2021-04-26,10000.0,0.0,10000.0
2021-04-27,10000.0,0.0,10000.0
2021-04-28,10000.0,0.0,10000.0
2021-04-29,10000.0,0.0,10000.0
2021-04-30,10000.0,0.0,10000.0
2021-05-03,10000.0,0.0,10000.0
2021-05-04,10000.0,0.0,10000.0
2021-05-05,10000.0,0.0,10000.0
2021-05-06,10000.0,0.0,10000.0
2021-05-07,10000.0,0.0,10000.0
2021-05-10,10000.0,0.0,10000.0
2021-05-11,10000.0,0.0,10000.0
2021-05-12,10000.0,0.0,10000.0
2021-05-13,10000.0,0.0,10000.0
2021-05-14,10000.0,0.0,10000.0
2021-05-17,10000.0,0.0,10000.0
2021-05-18,10000.0,0.0,10000.0
2021-05-19,10000.0,0.0,10000.0
2021-05-20,10000.0,0.0,10000.0
2021-05-21,10000.0,0.0,10000.0
2021-05-24,10000.0,0.0,10000.0
2021-05-25,10000.0,0.0,10000.0
2021-05-26,10000.0,0.0,10000.0
2021-05-27,10000.0,0.0,10000.0
2021-05-28,10000.0,0.0,10000.0
2021-06-01,10000.0,0.0,10000.0
2021-06-02,10000.0,0.0,10000.0
2021-06-03,10000.0,0.0,10000.0
2021-06-04,10000.0,0.0,10000.0
2021-06-07,10000.0,0.0,10000.0
2021-06-08,10000.0,0.0,10000.0
2021-06-09,10000.0,0.0,10000.0
2021-06-10,10000.0,0.0,10000.0
2021-06-11,10000.0,0.0,10000.0
2021-06-14,10000.0,0.0,10000.0
2021-06-15,10000.0,0.0,10000.0
2021-06-16,10000.0,0.0,10000.0
2021-06-17,10000.0,0.0,10000.0
2021-06-18,10000.0,0.0,10000.0
2021-06-21,10000.0,0.0,10000.0
2021-06-22,10000.0,0.0,10000.0
2021-06-23,10000.0,0.0,10000.0
2021-06-24,10000.0,0.0,10000.0
2021-06-25,10000.0,0.0,10000.0
2021-06-28,10000.0,0.0,10000.0
2021-06-29,10000.0,0.0,10000.0
2021-06-30,10000.0,0.0,10000.0
2021-07-01,10000.0,0.0,10000.0
2021-07-02,10000.0,0.0,10000.0
2021-07-06,10000.0,0.0,10000.0
2021-07-07,10000.0,0.0,10000.0
2021-07-08,10000.0,0.0,10000.0
2021-07-09,10000.0,0.0,10000.0
2021-07-12,10000.0,0.0,10000.0
2021-07-13,10000.0,0.0,10000.0
2021-07-14,10000.0,0.0,10000.0
2021-07-15,10000.0,0.0,10000.0
2021-07-16,10000.0,0.0,10000.0
2021-07-19,10000.0,0.0,10000.0
2021-07-20,10000.0,0.0,10000.0
2021-07-21,10000.0,0.0,10000.0
2021-07-22,10000.0,0.0,10000.0
2021-07-23,10000.0,0.0,10000.0
2021-07-26,10000.0,0.0,10000.0
2021-07-27,10000.0,0.0,10000.0
2021-07-28,10000.0,0.0,10000.0
2021-07-29,10000.0,0.0,10000.0
2021-07-30,10000.0,0.0,10000.0
2021-08-02,10000.0,0.0,10000.0
2021-08-03,10000.0,0.0,10000.0
2021-08-04,10000.0,0.0,10000.0
2021-08-05,10000.0,0.0,10000.0
2021-08-06,10000.0,0.0,10000.0
2021-08-09,10000.0,0.0,10000.0
2021-08-10,10000.0,0.0,10000.0
2021-08-11,10000.0,0.0,10000.0
2021-08-12,10000.0,0.0,10000.0
2021-08-13,10000.0,0.0,10000.0
2021-08-16,10000.0,0.0,10000.0
2021-08-17,10000.0,0.0,10000.0
2021-08-18,10000.0,0.0,10000.0
2021-08-19,10000.0,0.0,10000.0
2021-08-20,10000.0,0.0,10000.0
2021-08-23,10000.0,0.0,10000.0
2021-08-24,10000.0,0.0,10000.0
2021-08-25,10000.0,0.0,10000.0
2021-08-26,10000.0,0.0,10000.0
2021-08-27,10000.0,0.0,10000.0
2021-08-30,10000.0,0.0,10000.0
2021-08-31,10000.0,0.0,10000.0
2021-09-01,10000.0,0.0,10000.0
2021-09-02,10000.0,0.0,10000.0
2021-09-03,10000.0,0.0,10000.0
2021-09-07,10000.0,0.0,10000.0
2021-09-08,10000.0,0.0,10000.0
2021-09-09,10000.0,0.0,10000.0
2021-09-10,10000.0,0.0,10000.0
2021-09-13,10000.0,0.0,10000.0
2021-09-14,10000.0,0.0,10000.0
2021-09-15,10000.0,0.0,10000.0
2021-09-16,10000.0,0.0,10000.0
2021-09-17,10000.0,0.0,10000.0
2021-09-20,10000.0,0.0,10000.0
2021-09-21,10000.0,0.0,10000.0
2021-09-22,10000.0,0.0,10000.0
2021-09-23,10000.0,0.0,10000.0
2021-09-24,10000.0,0.0,10000.0
2021-09-27,10000.0,0.0,10000.0
2021-09-28,10000.0,0.0,10000.0
2021-09-29,10000.0,0.0,10000.0
2021-09-30,10000.0,0.0,10000.0
2021-10-01,10000.0,0.0,10000.0
2021-10-04,10000.0,0.0,10000.0
2021-10-05,10000.0,0.0,10000.0
2021-10-06,10000.0,0.0,10000.0
2021-10-07,10000.0,0.0,10000.0
2021-10-08,10000.0,0.0,10000.0
2021-10-11,10000.0,0.0,10000.0
2021-10-12,10000.0,0.0,10000.0
2021-10-13,10000.0,0.0,10000.0
2021-10-14,10000.0,0.0,10000.0
2021-10-15,10000.0,0.0,10000.0
2021-10-18,10000.0,0.0,10000.0
2021-10-19,10000.0,0.0,10000.0
2021-10-20,10000.0,0.0,10000.0
2021-10-21,10000.0,0.0,10000.0
2021-10-22,10000.0,0.0,10000.0
2021-10-25,10000.0,0.0,10000.0
2021-10-26,10000.0,0.0,10000.0
2021-10-27,10000.0,0.0,10000.0
2021-10-28,10000.0,0.0,10000.0
2021-10-29,10000.0,0.0,10000.0
2021-11-01,10000.0,0.0,10000.0
2021-11-02,10000.0,0.0,10000.0
2021-11-03,10000.0,0.0,10000.0
2021-11-04,10000.0,0.0,10000.0
2021-11-05,10000.0,0.0,10000.0
2021-11-08,10000.0,0.0,10000.0
2021-11-09,10000.0,0.0,10000.0
2021-11-10,10000.0,0.0,10000.0
2021-11-11,10000.0,0.0,10000.0
2021-11-12,10000.0,0.0,10000.0
2021-11-15,10000.0,0.0,10000.0
2021-11-16,10000.0,0.0,10000.0
2021-11-17,10000.0,0.0,10000.0
2021-11-18,10000.0,0.0,10000.0
2021-11-19,10000.0,0.0,10000.0
2021-11-22,10000.0,0.0,10000.0
2021-11-23,10000.0,0.0,10000.0
2021-11-24,10000.0,0.0,10000.0
2021-11-26,10000.0,0.0,10000.0
2021-11-29,10000.0,0.0,10000.0
2021-11-30,10000.0,0.0,10000.0
2021-12-01,10000.0,0.0,10000.0
2021-12-02,10000.0,0.0,10000.0
2021-12-03,10000.0,0.0,10000.0
2021-12-06,10000.0,0.0,10000.0
2021-12-07,10000.0,0.0,10000.0
2021-12-08,10000.0,0.0,10000.0
2021-12-09,10000.0,0.0,10000.0
2021-12-10,10000.0,0.0,10000.0
2021-12-13,10000.0,0.0,10000.0
2021-12-14,10000.0,0.0,10000.0
2021-12-15,10000.0,0.0,10000.0
2021-12-16,10000.0,0.0,10000.0
2021-12-17,10000.0,0.0,10000.0
2021-12-20,10000.0,0.0,10000.0
2021-12-21,10000.0,0.0,10000.0
2021-12-22,10000.0,0.0,10000.0
2021-12-23,10000.0,0.0,10000.0
2021-12-27,10000.0,0.0,10000.0
2021-12-28,10000.0,0.0,10000.0
2021-12-29,10000.0,0.0,10000.0
2021-12-30,10000.0,0.0,10000.0
2021-12-31,10000.0,0.0,10000.0
2022-01-03,10000.0,0.0,10000.0
2022-01-04,10000.0,0.0,10000.0
2022-01-05,10000.0,0.0,10000.0
2022-01-06,6236.6403022460945,3759.840087890625,9996.48039013672
2022-01-07,6236.6403022460945,3744.800048828125,9981.44035107422
2022-01-10,6236.6403022460945,3737.760009765625,9974.40031201172
2022-01-11,10022.690550048828,0.0,10022.690550048828
2022-01-12,10022.690550048828,0.0,10022.690550048828
2022-01-13,10022.690550048828,0.0,10022.690550048828
2022-01-14,10022.690550048828,0.0,10022.690550048828
2022-01-18,10022.690550048828,0.0,10022.690550048828
2022-01-19,10022.690550048828,0.0,10022.690550048828
2022-01-20,10022.690550048828,0.0,10022.690550048828
2022-01-21,10022.690550048828,0.0,10022.690550048828
2022-01-24,10022.690550048828,0.0,10022.690550048828
2022-01-25,10022.690550048828,0.0,10022.690550048828
2022-01-26,10022.690550048828,0.0,10022.690550048828
2022-01-27,10022.690550048828,0.0,10022.690550048828
2022-01-28,10022.690550048828,0.0,10022.690550048828
2022-01-31,10022.690550048828,0.0,10022.690550048828
2022-02-01,10022.690550048828,0.0,10022.690550048828
2022-02-02,10022.690550048828,0.0,10022.690550048828
2022-02-03,10022.690550048828,0.0,10022.690550048828
2022-02-04,10022.690550048828,0.0,10022.690550048828
2022-02-07,10022.690550048828,0.0,10022.690550048828
2022-02-08,10022.690550048828,0.0,10022.690550048828
2022-02-09,10022.690550048828,0.0,10022.690550048828
2022-02-10,10022.690550048828,0.0,10022.690550048828
2022-02-11,10022.690550048828,0.0,10022.690550048828
2022-02-14,10022.690550048828,0.0,10022.690550048828
2022-02-15,10022.690550048828,0.0,10022.690550048828
2022-02-16,10022.690550048828,0.0,10022.690550048828
2022-02-17,10022.690550048828,0.0,10022.690550048828
2022-02-18,10022.690550048828,0.0,10022.690550048828
2022-02-22,10022.690550048828,0.0,10022.690550048828
2022-02-23,10022.690550048828,0.0,10022.690550048828
2022-02-24,10022.690550048828,0.0,10022.690550048828
2022-02-25,10022.690550048828,0.0,10022.690550048828
2022-02-28,10022.690550048828,0.0,10022.690550048828
2022-03-01,10022.690550048828,0.0,10022.690550048828
2022-03-02,10022.690550048828,0.0,10022.690550048828
2022-03-03,10022.690550048828,0.0,10022.690550048828
2022-03-04,10022.690550048828,0.0,10022.690550048828
2022-03-07,10022.690550048828,0.0,10022.690550048828
2022-03-08,10022.690550048828,0.0,10022.690550048828
2022-03-09,10022.690550048828,0.0,10022.690550048828
2022-03-10,10022.690550048828,0.0,10022.690550048828
2022-03-11,10022.690550048828,0.0,10022.690550048828
2022-03-14,10022.690550048828,0.0,10022.690550048828
2022-03-15,10022.690550048828,0.0,10022.690550048828
2022-03-16,10022.690550048828,0.0,10022.690550048828
2022-03-17,10022.690550048828,0.0,10022.690550048828
2022-03-18,10022.690550048828,0.0,10022.690550048828
2022-03-21,10022.690550048828,0.0,10022.690550048828
2022-03-22,10022.690550048828,0.0,10022.690550048828
2022-03-23,10022.690550048828,0.0,10022.690550048828
2022-03-24,10022.690550048828,0.0,10022.690550048828
2022-03-25,10022.690550048828,0.0,10022.690550048828
2022-03-28,10022.690550048828,0.0,10022.690550048828
2022-03-29,10022.690550048828,0.0,10022.690550048828
2022-03-30,10022.690550048828,0.0,10022.690550048828
2022-03-31,10022.690550048828,0.0,10022.690550048828
2022-04-01,10022.690550048828,0.0,10022.690550048828
2022-04-04,10022.690550048828,0.0,10022.690550048828
2022-04-05,10022.690550048828,0.0,10022.690550048828
2022-04-06,10022.690550048828,0.0,10022.690550048828
2022-04-07,10022.690550048828,0.0,10022.690550048828
2022-04-08,10022.690550048828,0.0,10022.690550048828
2022-04-11,10022.690550048828,0.0,10022.690550048828
2022-04-12,10022.690550048828,0.0,10022.690550048828
2022-04-13,10022.690550048828,0.0,10022.690550048828
2022-04-14,10022.690550048828,0.0,10022.690550048828
2022-04-18,10022.690550048828,0.0,10022.690550048828
2022-04-19,10022.690550048828,0.0,10022.690550048828
2022-04-20,10022.690550048828,0.0,10022.690550048828
2022-04-21,10022.690550048828,0.0,10022.690550048828
2022-04-22,10022.690550048828,0.0,10022.690550048828
2022-04-25,10022.690550048828,0.0,10022.690550048828
2022-04-26,10022.690550048828,0.0,10022.690550048828
2022-04-27,10022.690550048828,0.0,10022.690550048828
2022-04-28,10022.690550048828,0.0,10022.690550048828
2022-04-29,10022.690550048828,0.0,10022.690550048828
2022-05-02,10022.690550048828,0.0,10022.690550048828
2022-05-03,10022.690550048828,0.0,10022.690550048828
2022-05-04,10022.690550048828,0.0,10022.690550048828
2022-05-05,10022.690550048828,0.0,10022.690550048828
2022-05-06,10022.690550048828,0.0,10022.690550048828
2022-05-09,10022.690550048828,0.0,10022.690550048828
2022-05-10,10022.690550048828,0.0,10022.690550048828
2022-05-11,10022.690550048828,0.0,10022.690550048828
2022-05-12,10022.690550048828,0.0,10022.690550048828
2022-05-13,10022.690550048828,0.0,10022.690550048828
2022-05-16,10022.690550048828,0.0,10022.690550048828
2022-05-17,10022.690550048828,0.0,10022.690550048828
2022-05-18,10022.690550048828,0.0,10022.690550048828
2022-05-19,10022.690550048828,0.0,10022.690550048828
2022-05-20,10022.690550048828,0.0,10022.690550048828
2022-05-23,10022.690550048828,0.0,10022.690550048828
2022-05-24,10022.690550048828,0.0,10022.690550048828
2022-05-25,10022.690550048828,0.0,10022.690550048828
2022-05-26,10022.690550048828,0.0,10022.690550048828
2022-05-27,10022.690550048828,0.0,10022.690550048828
2022-05-31,10022.690550048828,0.0,10022.690550048828
2022-06-01,10022.690550048828,0.0,10022.690550048828
2022-06-02,10022.690550048828,0.0,10022.690550048828
2022-06-03,10022.690550048828,0.0,10022.690550048828
2022-06-06,10022.690550048828,0.0,10022.690550048828
2022-06-07,10022.690550048828,0.0,10022.690550048828
2022-06-08,10022.690550048828,0.0,10022.690550048828
2022-06-09,10022.690550048828,0.0,10022.690550048828
2022-06-10,10022.690550048828,0.0,10022.690550048828
2022-06-13,10022.690550048828,0.0,10022.690550048828
2022-06-14,10022.690550048828,0.0,10022.690550048828
2022-06-15,10022.690550048828,0.0,10022.690550048828
2022-06-16,10022.690550048828,0.0,10022.690550048828
2022-06-17,10022.690550048828,0.0,10022.690550048828
2022-06-21,10022.690550048828,0.0,10022.690550048828
2022-06-22,10022.690550048828,0.0,10022.690550048828
2022-06-23,10022.690550048828,0.0,10022.690550048828
2022-06-24,10022.690550048828,0.0,10022.690550048828
2022-06-27,10022.690550048828,0.0,10022.690550048828
2022-06-28,10022.690550048828,0.0,10022.690550048828
2022-06-29,10022.690550048828,0.0,10022.690550048828
2022-06-30,10022.690550048828,0.0,10022.690550048828
2022-07-01,10022.690550048828,0.0,10022.690550048828
2022-07-05,10022.690550048828,0.0,10022.690550048828
2022-07-06,10022.690550048828,0.0,10022.690550048828
2022-07-07,10022.690550048828,0.0,10022.690550048828
2022-07-08,10022.690550048828,0.0,10022.690550048828
2022-07-11,10022.690550048828,0.0,10022.690550048828
2022-07-12,10022.690550048828,0.0,10022.690550048828
2022-07-13,10022.690550048828,0.0,10022.690550048828
2022-07-14,10022.690550048828,0.0,10022.690550048828
2022-07-15,10022.690550048828,0.0,10022.690550048828
2022-07-18,10022.690550048828,0.0,10022.690550048828
2022-07-19,10022.690550048828,0.0,10022.690550048828
2022-07-20,10022.690550048828,0.0,10022.690550048828
2022-07-21,10022.690550048828,0.0,10022.690550048828
2022-07-22,10022.690550048828,0.0,10022.690550048828
2022-07-25,10022.690550048828,0.0,10022.690550048828
2022-07-26,10022.690550048828,0.0,10022.690550048828
2022-07-27,10022.690550048828,0.0,10022.690550048828
2022-07-28,10022.690550048828,0.0,10022.690550048828
2022-07-29,10022.690550048828,0.0,10022.690550048828
2022-08-01,10022.690550048828,0.0,10022.690550048828
2022-08-02,10022.690550048828,0.0,10022.690550048828
2022-08-03,10022.690550048828,0.0,10022.690550048828
2022-08-04,10022.690550048828,0.0,10022.690550048828
2022-08-05,10022.690550048828,0.0,10022.690550048828
2022-08-08,10022.690550048828,0.0,10022.690550048828
2022-08-09,10022.690550048828,0.0,10022.690550048828
2022-08-10,10022.690550048828,0.0,10022.690550048828
2022-08-11,10022.690550048828,0.0,10022.690550048828
2022-08-12,10022.690550048828,0.0,10022.690550048828
2022-08-15,10022.690550048828,0.0,10022.690550048828
2022-08-16,10022.690550048828,0.0,10022.690550048828
2022-08-17,10022.690550048828,0.0,10022.690550048828
2022-08-18,10022.690550048828,0.0,10022.690550048828
2022-08-19,10022.690550048828,0.0,10022.690550048828
2022-08-22,10022.690550048828,0.0,10022.690550048828
2022-08-23,10022.690550048828,0.0,10022.690550048828
2022-08-24,10022.690550048828,0.0,10022.690550048828
2022-08-25,10022.690550048828,0.0,10022.690550048828
2022-08-26,10022.690550048828,0.0,10022.690550048828
2022-08-29,10022.690550048828,0.0,10022.690550048828
2022-08-30,10022.690550048828,0.0,10022.690550048828
2022-08-31,10022.690550048828,0.0,10022.690550048828
2022-09-01,10022.690550048828,0.0,10022.690550048828
2022-09-02,10022.690550048828,0.0,10022.690550048828
2022-09-06,10022.690550048828,0.0,10022.690550048828
2022-09-07,10022.690550048828,0.0,10022.690550048828
2022-09-08,10022.690550048828,0.0,10022.690550048828
2022-09-09,10022.690550048828,0.0,10022.690550048828
2022-09-12,10022.690550048828,0.0,10022.690550048828
2022-09-13,10022.690550048828,0.0,10022.690550048828
2022-09-14,10022.690550048828,0.0,10022.690550048828
2022-09-15,10022.690550048828,0.0,10022.690550048828
2022-09-16,10022.690550048828,0.0,10022.690550048828
2022-09-19,10022.690550048828,0.0,10022.690550048828
2022-09-20,10022.690550048828,0.0,10022.690550048828
2022-09-21,10022.690550048828,0.0,10022.690550048828
2022-09-22,10022.690550048828,0.0,10022.690550048828
2022-09-23,10022.690550048828,0.0,10022.690550048828
2022-09-26,10022.690550048828,0.0,10022.690550048828
2022-09-27,10022.690550048828,0.0,10022.690550048828
2022-09-28,10022.690550048828,0.0,10022.690550048828
2022-09-29,10022.690550048828,0.0,10022.690550048828
2022-09-30,10022.690550048828,0.0,10022.690550048828
2022-10-03,10022.690550048828,0.0,10022.690550048828
2022-10-04,10022.690550048828,0.0,10022.690550048828
2022-10-05,10022.690550048828,0.0,10022.690550048828
2022-10-06,10022.690550048828,0.0,10022.690550048828
2022-10-07,10022.690550048828,0.0,10022.690550048828
2022-10-10,10022.690550048828,0.0,10022.690550048828
2022-10-11,10022.690550048828,0.0,10022.690550048828
2022-10-12,10022.690550048828,0.0,10022.690550048828
2022-10-13,10022.690550048828,0.0,10022.690550048828
2022-10-14,10022.690550048828,0.0,10022.690550048828
2022-10-17,10022.690550048828,0.0,10022.690550048828
2022-10-18,10022.690550048828,0.0,10022.690550048828
2022-10-19,10022.690550048828,0.0,10022.690550048828
2022-10-20,10022.690550048828,0.0,10022.690550048828
2022-10-21,10022.690550048828,0.0,10022.690550048828
2022-10-24,10022.690550048828,0.0,10022.690550048828
2022-10-25,10022.690550048828,0.0,10022.690550048828
2022-10-26,10022.690550048828,0.0,10022.690550048828
2022-10-27,10022.690550048828,0.0,10022.690550048828
2022-10-28,10022.690550048828,0.0,10022.690550048828
2022-10-31,10022.690550048828,0.0,10022.690550048828
2022-11-01,10022.690550048828,0.0,10022.690550048828
2022-11-02,10022.690550048828,0.0,10022.690550048828
2022-11-03,10022.690550048828,0.0,10022.690550048828
2022-11-04,10022.690550048828,0.0,10022.690550048828
2022-11-07,10022.690550048828,0.0,10022.690550048828
2022-11-08,10022.690550048828,0.0,10022.690550048828
2022-11-09,10022.690550048828,0.0,10022.690550048828
2022-11-10,10022.690550048828,0.0,10022.690550048828
2022-11-11,10022.690550048828,0.0,10022.690550048828
2022-11-14,10022.690550048828,0.0,10022.690550048828
2022-11-15,10022.690550048828,0.0,10022.690550048828
2022-11-16,10022.690550048828,0.0,10022.690550048828
2022-11-17,10022.690550048828,0.0,10022.690550048828
2022-11-18,10022.690550048828,0.0,10022.690550048828
2022-11-21,10022.690550048828,0.0,10022.690550048828
2022-11-22,10022.690550048828,0.0,10022.690550048828
2022-11-23,10022.690550048828,0.0,10022.690550048828
2022-11-25,10022.690550048828,0.0,10022.690550048828
2022-11-28,10022.690550048828,0.0,10022.690550048828
2022-11-29,10022.690550048828,0.0,10022.690550048828
2022-11-30,10022.690550048828,0.0,10022.690550048828
2022-12-01,10022.690550048828,0.0,10022.690550048828
2022-12-02,10022.690550048828,0.0,10022.690550048828
2022-12-05,10022.690550048828,0.0,10022.690550048828
2022-12-06,10022.690550048828,0.0,10022.690550048828
2022-12-07,10022.690550048828,0.0,10022.690550048828
2022-12-08,10022.690550048828,0.0,10022.690550048828
2022-12-09,10022.690550048828,0.0,10022.690550048828
2022-12-12,10022.690550048828,0.0,10022.690550048828
2022-12-13,10022.690550048828,0.0,10022.690550048828
2022-12-14,10022.690550048828,0.0,10022.690550048828
2022-12-15,10022.690550048828,0.0,10022.690550048828
2022-12-16,10022.690550048828,0.0,10022.690550048828
2022-12-19,10022.690550048828,0.0,10022.690550048828
2022-12-20,10022.690550048828,0.0,10022.690550048828
2022-12-21,10022.690550048828,0.0,10022.690550048828
2022-12-22,10022.690550048828,0.0,10022.690550048828
2022-12-23,10022.690550048828,0.0,10022.690550048828
2022-12-27,10022.690550048828,0.0,10022.690550048828
2022-12-28,10022.690550048828,0.0,10022.690550048828
2022-12-29,10022.690550048828,0.0,10022.690550048828
2022-12-30,10022.690550048828,0.0,10022.690550048828
2023-01-03,10022.690550048828,0.0,10022.690550048828
2023-01-04,10022.690550048828,0.0,10022.690550048828
2023-01-05,10022.690550048828,0.0,10022.690550048828
2023-01-06,10022.690550048828,0.0,10022.690550048828
2023-01-09,10022.690550048828,0.0,10022.690550048828
2023-01-10,10022.690550048828,0.0,10022.690550048828
2023-01-11,10022.690550048828,0.0,10022.690550048828
2023-01-12,10022.690550048828,0.0,10022.690550048828
2023-01-13,10022.690550048828,0.0,10022.690550048828
2023-01-17,10022.690550048828,0.0,10022.690550048828
2023-01-18,10022.690550048828,0.0,10022.690550048828
2023-01-19,10022.690550048828,0.0,10022.690550048828
2023-01-20,10022.690550048828,0.0,10022.690550048828
2023-01-23,10022.690550048828,0.0,10022.690550048828
2023-01-24,10022.690550048828,0.0,10022.690550048828
2023-01-25,10022.690550048828,0.0,10022.690550048828
2023-01-26,10022.690550048828,0.0,10022.690550048828
2023-01-27,10022.690550048828,0.0,10022.690550048828
2023-01-30,10022.690550048828,0.0,10022.690550048828
2023-01-31,10022.690550048828,0.0,10022.690550048828
2023-02-01,10022.690550048828,0.0,10022.690550048828
2023-02-02,10022.690550048828,0.0,10022.690550048828
2023-02-03,10022.690550048828,0.0,10022.690550048828
2023-02-06,10022.690550048828,0.0,10022.690550048828
2023-02-07,10022.690550048828,0.0,10022.690550048828
2023-02-08,10022.690550048828,0.0,10022.690550048828
2023-02-09,10022.690550048828,0.0,10022.690550048828
2023-02-10,10022.690550048828,0.0,10022.690550048828
2023-02-13,10022.690550048828,0.0,10022.690550048828
2023-02-14,10022.690550048828,0.0,10022.690550048828
2023-02-15,10022.690550048828,0.0,10022.690550048828
2023-02-16,10022.690550048828,0.0,10022.690550048828
2023-02-17,10022.690550048828,0.0,10022.690550048828
2023-02-21,6374.76614907837,3609.269989013672,9984.036138092042
2023-02-22,2540.87615261841,7428.400054931641,9969.27620755005
2023-02-23,2540.87615261841,7480.800018310547,10021.676170928957
2023-02-24,6152.920404815675,3794.050079345703,9946.970484161378
2023-02-27,9962.00734628296,0.0,9962.00734628296
2023-02-28,9962.00734628296,0.0,9962.00734628296
2023-03-01,9962.00734628296,0.0,9962.00734628296
2023-03-02,9962.00734628296,0.0,9962.00734628296
2023-03-03,9962.00734628296,0.0,9962.00734628296
2023-03-06,9962.00734628296,0.0,9962.00734628296
2023-03-07,9962.00734628296,0.0,9962.00734628296
2023-03-08,9962.00734628296,0.0,9962.00734628296
2023-03-09,9962.00734628296,0.0,9962.00734628296
2023-03-10,9962.00734628296,0.0,9962.00734628296
2023-03-13,9962.00734628296,0.0,9962.00734628296
2023-03-14,9962.00734628296,0.0,9962.00734628296
2023-03-15,9962.00734628296,0.0,9962.00734628296
2023-03-16,9962.00734628296,0.0,9962.00734628296
2023-03-17,9962.00734628296,0.0,9962.00734628296
2023-03-20,9962.00734628296,0.0,9962.00734628296
2023-03-21,9962.00734628296,0.0,9962.00734628296
2023-03-22,9962.00734628296,0.0,9962.00734628296
2023-03-23,9962.00734628296,0.0,9962.00734628296
2023-03-24,9962.00734628296,0.0,9962.00734628296
2023-03-27,9962.00734628296,0.0,9962.00734628296
2023-03-28,9962.00734628296,0.0,9962.00734628296
2023-03-29,9962.00734628296,0.0,9962.00734628296
2023-03-30,9962.00734628296,0.0,9962.00734628296
2023-03-31,9962.00734628296,0.0,9962.00734628296
2023-04-03,9962.00734628296,0.0,9962.00734628296
2023-04-04,9962.00734628296,0.0,9962.00734628296
2023-04-05,9962.00734628296,0.0,9962.00734628296
2023-04-06,9962.00734628296,0.0,9962.00734628296
2023-04-10,9962.00734628296,0.0,9962.00734628296
2023-04-11,9962.00734628296,0.0,9962.00734628296
2023-04-12,9962.00734628296,0.0,9962.00734628296
2023-04-13,9987.538423675538,0.0,9987.538423675538
2023-04-14,9987.538423675538,0.0,9987.538423675538
2023-04-17,9987.538423675538,0.0,9987.538423675538
2023-04-18,9987.538423675538,0.0,9987.538423675538
2023-04-19,9987.538423675538,0.0,9987.538423675538
2023-04-20,9987.538423675538,0.0,9987.538423675538
2023-04-21,2463.191637664797,7524.3299560546875,9987.521593719484
2023-04-24,2463.191637664797,7521.090179443359,9984.281817108156
2023-04-25,2463.191637664797,7390.349761962891,9853.541399627687
2023-04-26,9922.874634002688,0.0,9922.874634002688
2023-04-27,9956.156355224613,0.0,9956.156355224613
2023-04-28,9956.156355224613,0.0,9956.156355224613
2023-05-01,9956.156355224613,0.0,9956.156355224613
2023-05-02,9956.156355224613,0.0,9956.156355224613
2023-05-03,9956.156355224613,0.0,9956.156355224613
2023-05-04,6274.628560211186,3661.7398681640625,9936.368428375248
2023-05-05,10043.624995544438,0.0,10043.624995544438
2023-05-08,10043.624995544438,0.0,10043.624995544438
2023-05-09,10043.624995544438,0.0,10043.624995544438
2023-05-10,10043.624995544438,0.0,10043.624995544438
2023-05-11,10043.624995544438,0.0,10043.624995544438
2023-05-12,10043.624995544438,0.0,10043.624995544438
2023-05-15,10043.624995544438,0.0,10043.624995544438
2023-05-16,10043.624995544438,0.0,10043.624995544438
2023-05-17,10043.624995544438,0.0,10043.624995544438
2023-05-18,10043.624995544438,0.0,10043.624995544438
2023-05-19,10043.624995544438,0.0,10043.624995544438
2023-05-22,10043.624995544438,0.0,10043.624995544438
2023-05-23,10043.624995544438,0.0,10043.624995544438
2023-05-24,10043.624995544438,0.0,10043.624995544438
2023-05-25,6290.835977539067,3748.320098876953,10039.15607641602
2023-05-26,10102.210820465092,0.0,10102.210820465092
2023-05-30,10102.210820465092,0.0,10102.210820465092
2023-05-31,10102.210820465092,0.0,10102.210820465092
2023-06-01,10102.210820465092,0.0,10102.210820465092
2023-06-02,10102.210820465092,0.0,10102.210820465092
2023-06-05,10102.210820465092,0.0,10102.210820465092
2023-06-06,10102.210820465092,0.0,10102.210820465092
2023-06-07,10102.210820465092,0.0,10102.210820465092
2023-06-08,10155.079677886968,0.0,10155.079677886968
2023-06-09,10155.079677886968,0.0,10155.079677886968
2023-06-12,10155.079677886968,0.0,10155.079677886968
2023-06-13,10155.079677886968,0.0,10155.079677886968
2023-06-14,10155.079677886968,0.0,10155.079677886968
2023-06-15,10155.079677886968,0.0,10155.079677886968
2023-06-16,10155.079677886968,0.0,10155.079677886968
2023-06-20,10155.079677886968,0.0,10155.079677886968
2023-06-21,10155.079677886968,0.0,10155.079677886968
2023-06-22,10164.508290222175,0.0,10164.508290222175
2023-06-23,10164.508290222175,0.0,10164.508290222175
2023-06-26,10164.508290222175,0.0,10164.508290222175
2023-06-27,10203.14689385987,0.0,10203.14689385987
2023-06-28,10203.14689385987,0.0,10203.14689385987
2023-06-29,10203.14689385987,0.0,10203.14689385987
2023-06-30,10203.14689385987,0.0,10203.14689385987
2023-07-03,10203.14689385987,0.0,10203.14689385987
2023-07-05,10203.14689385987,0.0,10203.14689385987
2023-07-06,10203.14689385987,0.0,10203.14689385987
2023-07-07,10203.14689385987,0.0,10203.14689385987
2023-07-10,6234.86247488404,3977.730010986328,10212.59248587037
2023-07-11,10270.113162933356,0.0,10270.113162933356
2023-07-12,10270.113162933356,0.0,10270.113162933356
2023-07-13,10270.113162933356,0.0,10270.113162933356
2023-07-14,10270.113162933356,0.0,10270.113162933356
2023-07-17,10270.113162933356,0.0,10270.113162933356
2023-07-18,10270.113162933356,0.0,10270.113162933356
2023-07-19,10270.113162933356,0.0,10270.113162933356
2023-07-20,10270.113162933356,0.0,10270.113162933356
2023-07-21,6474.521436248786,3756.300048828125,10230.82148507691
2023-07-24,6474.521436248786,3762.3001098632812,10236.821546112067
2023-07-25,10247.94424844361,0.0,10247.94424844361
2023-07-26,10247.94424844361,0.0,10247.94424844361
2023-07-27,10247.94424844361,0.0,10247.94424844361
2023-07-28,10247.94424844361,0.0,10247.94424844361
2023-07-31,10247.94424844361,0.0,10247.94424844361
2023-08-01,10247.94424844361,0.0,10247.94424844361
2023-08-02,10247.94424844361,0.0,10247.94424844361
2023-08-03,2917.861356475837,7347.420104980469,10265.281461456307
2023-08-04,2917.861356475837,7313.120056152344,10230.981412628182
2023-08-07,10240.37160427857,0.0,10240.37160427857
2023-08-08,10240.37160427857,0.0,10240.37160427857
2023-08-09,10240.37160427857,0.0,10240.37160427857
2023-08-10,10240.37160427857,0.0,10240.37160427857
2023-08-11,10240.37160427857,0.0,10240.37160427857
2023-08-14,10240.37160427857,0.0,10240.37160427857
2023-08-15,10240.37160427857,0.0,10240.37160427857
2023-08-16,10240.37160427857,0.0,10240.37160427857
2023-08-17,10240.37160427857,0.0,10240.37160427857
2023-08-18,10240.37160427857,0.0,10240.37160427857
2023-08-21,10240.37160427857,0.0,10240.37160427857
2023-08-22,10240.37160427857,0.0,10240.37160427857
2023-08-23,10240.37160427857,0.0,10240.37160427857
2023-08-24,10240.37160427857,0.0,10240.37160427857
2023-08-25,10240.37160427857,0.0,10240.37160427857
2023-08-28,10240.37160427857,0.0,10240.37160427857
2023-08-29,10240.37160427857,0.0,10240.37160427857
2023-08-30,10240.37160427857,0.0,10240.37160427857
2023-08-31,10240.37160427857,0.0,10240.37160427857
2023-09-01,10240.37160427857,0.0,10240.37160427857
2023-09-05,10240.37160427857,0.0,10240.37160427857
2023-09-06,10240.37160427857,0.0,10240.37160427857
2023-09-07,10240.37160427857,0.0,10240.37160427857
2023-09-08,10240.37160427857,0.0,10240.37160427857
2023-09-11,10240.37160427857,0.0,10240.37160427857
2023-09-12,10240.37160427857,0.0,10240.37160427857
2023-09-13,10240.37160427857,0.0,10240.37160427857
2023-09-14,10240.37160427857,0.0,10240.37160427857
2023-09-15,10240.37160427857,0.0,10240.37160427857
2023-09-18,10240.37160427857,0.0,10240.37160427857
2023-09-19,10240.37160427857,0.0,10240.37160427857
2023-09-20,10240.37160427857,0.0,10240.37160427857
2023-09-21,10240.37160427857,0.0,10240.37160427857
2023-09-22,10240.37160427857,0.0,10240.37160427857
2023-09-25,10240.37160427857,0.0,10240.37160427857
2023-09-26,10240.37160427857,0.0,10240.37160427857
2023-09-27,10240.37160427857,0.0,10240.37160427857
2023-09-28,10240.37160427857,0.0,10240.37160427857
2023-09-29,10240.37160427857,0.0,10240.37160427857
2023-10-02,10240.37160427857,0.0,10240.37160427857
2023-10-03,10240.37160427857,0.0,10240.37160427857
2023-10-04,10240.37160427857,0.0,10240.37160427857
2023-10-05,10240.37160427857,0.0,10240.37160427857
2023-10-06,10240.37160427857,0.0,10240.37160427857
2023-10-09,10240.37160427857,0.0,10240.37160427857
2023-10-10,10240.37160427857,0.0,10240.37160427857
2023-10-11,10240.37160427857,0.0,10240.37160427857
2023-10-12,10240.37160427857,0.0,10240.37160427857
2023-10-13,10240.37160427857,0.0,10240.37160427857
2023-10-16,10240.37160427857,0.0,10240.37160427857
2023-10-17,10240.37160427857,0.0,10240.37160427857
2023-10-18,10240.37160427857,0.0,10240.37160427857
2023-10-19,10240.37160427857,0.0,10240.37160427857
2023-10-20,10240.37160427857,0.0,10240.37160427857
2023-10-23,10240.37160427857,0.0,10240.37160427857
2023-10-24,10240.37160427857,0.0,10240.37160427857
2023-10-25,10240.37160427857,0.0,10240.37160427857
2023-10-26,10240.37160427857,0.0,10240.37160427857
2023-10-27,10240.37160427857,0.0,10240.37160427857
2023-10-30,10240.37160427857,0.0,10240.37160427857
2023-10-31,10240.37160427857,0.0,10240.37160427857
2023-11-01,10240.37160427857,0.0,10240.37160427857
2023-11-02,10240.37160427857,0.0,10240.37160427857
2023-11-03,10240.37160427857,0.0,10240.37160427857
2023-11-06,10240.37160427857,0.0,10240.37160427857
2023-11-07,10240.37160427857,0.0,10240.37160427857
2023-11-08,10240.37160427857,0.0,10240.37160427857
2023-11-09,10240.37160427857,0.0,10240.37160427857
2023-11-10,10240.37160427857,0.0,10240.37160427857
2023-11-13,10240.37160427857,0.0,10240.37160427857
2023-11-14,10240.37160427857,0.0,10240.37160427857
2023-11-15,10240.37160427857,0.0,10240.37160427857
2023-11-16,10240.37160427857,0.0,10240.37160427857
2023-11-17,10240.37160427857,0.0,10240.37160427857
2023-11-20,10240.37160427857,0.0,10240.37160427857
2023-11-21,10240.37160427857,0.0,10240.37160427857
2023-11-22,10240.37160427857,0.0,10240.37160427857
2023-11-24,10240.37160427857,0.0,10240.37160427857
2023-11-27,10240.37160427857,0.0,10240.37160427857
2023-11-28,10240.37160427857,0.0,10240.37160427857
2023-11-29,10240.37160427857,0.0,10240.37160427857
2023-11-30,10240.37160427857,0.0,10240.37160427857
2023-12-01,10240.37160427857,0.0,10240.37160427857
2023-12-04,10240.37160427857,0.0,10240.37160427857
2023-12-05,10240.37160427857,0.0,10240.37160427857
2023-12-06,10240.37160427857,0.0,10240.37160427857
2023-12-07,10240.37160427857,0.0,10240.37160427857
2023-12-08,10240.37160427857,0.0,10240.37160427857
2023-12-11,10240.37160427857,0.0,10240.37160427857
2023-12-12,10240.37160427857,0.0,10240.37160427857
2023-12-13,10240.37160427857,0.0,10240.37160427857
2023-12-14,10240.37160427857,0.0,10240.37160427857
2023-12-15,10240.37160427857,0.0,10240.37160427857
2023-12-18,10240.37160427857,0.0,10240.37160427857
2023-12-19,10240.37160427857,0.0,10240.37160427857
2023-12-20,10240.37160427857,0.0,10240.37160427857
2023-12-21,10240.37160427857,0.0,10240.37160427857
2023-12-22,10240.37160427857,0.0,10240.37160427857
2023-12-26,10240.37160427857,0.0,10240.37160427857
2023-12-27,10240.37160427857,0.0,10240.37160427857
2023-12-28,10240.37160427857,0.0,10240.37160427857
2023-12-29,10240.37160427857,0.0,10240.37160427857
2024-01-02,10240.37160427857,0.0,10240.37160427857
2024-01-03,2852.340990936287,7353.049957275391,10205.390948211678
2024-01-04,2852.340990936287,7322.999969482422,10175.340960418709
2024-01-05,2852.340990936287,7331.7099609375,10184.050951873787
2024-01-08,10255.560335327156,0.0,10255.560335327156
2024-01-09,10255.560335327156,0.0,10255.560335327156
2024-01-10,10255.560335327156,0.0,10255.560335327156
2024-01-11,10255.560335327156,0.0,10255.560335327156
2024-01-12,10255.560335327156,0.0,10255.560335327156
2024-01-16,10255.560335327156,0.0,10255.560335327156
2024-01-17,10255.560335327156,0.0,10255.560335327156
2024-01-18,10277.591067016609,0.0,10277.591067016609
2024-01-19,10277.591067016609,0.0,10277.591067016609
2024-01-22,10277.591067016609,0.0,10277.591067016609
2024-01-23,10277.591067016609,0.0,10277.591067016609
2024-01-24,10277.591067016609,0.0,10277.591067016609
2024-01-25,10277.591067016609,0.0,10277.591067016609
2024-01-26,10277.591067016609,0.0,10277.591067016609
2024-01-29,10277.591067016609,0.0,10277.591067016609
2024-01-30,10277.591067016609,0.0,10277.591067016609
2024-01-31,10277.591067016609,0.0,10277.591067016609
2024-02-01,6537.680164703377,3796.9200439453125,10334.60020864869
2024-02-02,10395.448600555428,0.0,10395.448600555428
2024-02-05,10395.448600555428,0.0,10395.448600555428
2024-02-06,10395.448600555428,0.0,10395.448600555428
2024-02-07,10395.448600555428,0.0,10395.448600555428
2024-02-08,10395.448600555428,0.0,10395.448600555428
2024-02-09,10395.448600555428,0.0,10395.448600555428
2024-02-12,10395.448600555428,0.0,10395.448600555428
2024-02-13,10395.448600555428,0.0,10395.448600555428
2024-02-14,6397.614672576913,4008.39990234375,10406.014574920664
2024-02-15,10426.701669647226,0.0,10426.701669647226
2024-02-16,10426.701669647226,0.0,10426.701669647226
2024-02-20,10426.701669647226,0.0,10426.701669647226
2024-02-21,6601.930829620371,3830.4898681640625,10432.420697784433
2024-02-22,10554.823924743661,0.0,10554.823924743661
2024-02-23,10554.823924743661,0.0,10554.823924743661
2024-02-26,10554.823924743661,0.0,10554.823924743661
2024-02-27,10554.823924743661,0.0,10554.823924743661
2024-02-28,10554.823924743661,0.0,10554.823924743661
2024-02-29,10554.823924743661,0.0,10554.823924743661
2024-03-01,10554.823924743661,0.0,10554.823924743661
2024-03-04,10554.823924743661,0.0,10554.823924743661
2024-03-05,10554.823924743661,0.0,10554.823924743661
2024-03-06,10554.823924743661,0.0,10554.823924743661
2024-03-07,10554.823924743661,0.0,10554.823924743661
2024-03-08,10554.823924743661,0.0,10554.823924743661
2024-03-11,10554.823924743661,0.0,10554.823924743661
2024-03-12,10554.823924743661,0.0,10554.823924743661
2024-03-13,10554.823924743661,0.0,10554.823924743661
2024-03-14,10554.823924743661,0.0,10554.823924743661
2024-03-15,10554.823924743661,0.0,10554.823924743661
2024-03-18,6582.0441385803315,3937.320098876953,10519.364237457285
2024-03-19,10536.10610760499,0.0,10536.10610760499
2024-03-20,10536.10610760499,0.0,10536.10610760499
2024-03-21,10536.10610760499,0.0,10536.10610760499
2024-03-22,10536.10610760499,0.0,10536.10610760499
2024-03-25,10536.10610760499,0.0,10536.10610760499
2024-03-26,10536.10610760499,0.0,10536.10610760499
2024-03-27,10536.10610760499,0.0,10536.10610760499
2024-03-28,10536.10610760499,0.0,10536.10610760499
2024-04-01,10536.10610760499,0.0,10536.10610760499
2024-04-02,10536.10610760499,0.0,10536.10610760499
2024-04-03,6890.644219177256,3654.210205078125,10544.85442425538
2024-04-04,6890.644219177256,3609.2698974609375,10499.914116638192
2024-04-05,10538.96240283204,0.0,10538.96240283204
2024-04-08,10538.96240283204,0.0,10538.96240283204
2024-04-09,10538.96240283204,0.0,10538.96240283204
2024-04-10,10538.96240283204,0.0,10538.96240283204
2024-04-11,10538.96240283204,0.0,10538.96240283204
2024-04-12,10538.96240283204,0.0,10538.96240283204
2024-04-15,10538.96240283204,0.0,10538.96240283204
2024-04-16,10538.96240283204,0.0,10538.96240283204
2024-04-17,10538.96240283204,0.0,10538.96240283204
2024-04-18,10538.96240283204,0.0,10538.96240283204
2024-04-19,10538.96240283204,0.0,10538.96240283204
2024-04-22,10538.96240283204,0.0,10538.96240283204
2024-04-23,10538.96240283204,0.0,10538.96240283204
2024-04-24,10538.96240283204,0.0,10538.96240283204
2024-04-25,10538.96240283204,0.0,10538.96240283204
2024-04-26,10538.96240283204,0.0,10538.96240283204
2024-04-29,10538.96240283204,0.0,10538.96240283204
2024-04-30,10538.96240283204,0.0,10538.96240283204
2024-05-01,10538.96240283204,0.0,10538.96240283204
2024-05-02,10538.96240283204,0.0,10538.96240283204
2024-05-03,10538.96240283204,0.0,10538.96240283204
2024-05-06,10538.96240283204,0.0,10538.96240283204
2024-05-07,10538.96240283204,0.0,10538.96240283204
2024-05-08,10538.96240283204,0.0,10538.96240283204
2024-05-09,10538.96240283204,0.0,10538.96240283204
2024-05-10,10538.96240283204,0.0,10538.96240283204
2024-05-13,10538.96240283204,0.0,10538.96240283204
2024-05-14,10538.96240283204,0.0,10538.96240283204
2024-05-15,10538.96240283204,0.0,10538.96240283204
2024-05-16,10538.96240283204,0.0,10538.96240283204
2024-05-17,10538.96240283204,0.0,10538.96240283204
2024-05-20,10538.96240283204,0.0,10538.96240283204
2024-05-21,10538.96240283204,0.0,10538.96240283204
2024-05-22,10538.96240283204,0.0,10538.96240283204
2024-05-23,10538.96240283204,0.0,10538.96240283204
2024-05-24,10548.668478332529,0.0,10548.668478332529
2024-05-28,10548.668478332529,0.0,10548.668478332529
2024-05-29,10548.668478332529,0.0,10548.668478332529
2024-05-30,10548.668478332529,0.0,10548.668478332529
2024-05-31,6962.119223083506,3605.679931640625,10567.79915472413
2024-06-03,6962.119223083506,3625.0400390625,10587.159262146006
2024-06-04,10622.29547088624,0.0,10622.29547088624
2024-06-05,10622.29547088624,0.0,10622.29547088624
2024-06-06,10622.29547088624,0.0,10622.29547088624
2024-06-07,10622.29547088624,0.0,10622.29547088624
2024-06-10,10622.29547088624,0.0,10622.29547088624
2024-06-11,10622.29547088624,0.0,10622.29547088624
2024-06-12,10622.29547088624,0.0,10622.29547088624
2024-06-13,10622.29547088624,0.0,10622.29547088624
2024-06-14,10622.29547088624,0.0,10622.29547088624
2024-06-17,10622.29547088624,0.0,10622.29547088624
2024-06-18,10622.29547088624,0.0,10622.29547088624
2024-06-20,10622.29547088624,0.0,10622.29547088624
2024-06-21,10622.29547088624,0.0,10622.29547088624
2024-06-24,10622.29547088624,0.0,10622.29547088624
2024-06-25,6809.926852233897,3835.0400390625,10644.966891296397
2024-06-26,10647.04585321046,0.0,10647.04585321046
2024-06-27,10647.04585321046,0.0,10647.04585321046
2024-06-28,10647.04585321046,0.0,10647.04585321046
2024-07-01,10647.04585321046,0.0,10647.04585321046
2024-07-02,10647.04585321046,0.0,10647.04585321046
2024-07-03,10647.04585321046,0.0,10647.04585321046
2024-07-05,10647.04585321046,0.0,10647.04585321046
2024-07-08,10647.04585321046,0.0,10647.04585321046
2024-07-09,10647.04585321046,0.0,10647.04585321046
2024-07-10,10647.04585321046,0.0,10647.04585321046
2024-07-11,10647.04585321046,0.0,10647.04585321046
2024-07-12,10647.04585321046,0.0,10647.04585321046
2024-07-15,10647.04585321046,0.0,10647.04585321046
2024-07-16,10647.04585321046,0.0,10647.04585321046
2024-07-17,10647.04585321046,0.0,10647.04585321046
2024-07-18,10647.04585321046,0.0,10647.04585321046
2024-07-19,2918.18488183595,7665.77978515625,10583.9646669922
2024-07-22,10664.630694030775,0.0,10664.630694030775
2024-07-23,10664.630694030775,0.0,10664.630694030775
2024-07-24,10664.630694030775,0.0,10664.630694030775
2024-07-25,6850.580402709975,3789.3801879882812,10639.960590698256
2024-07-26,6850.580402709975,3831.7301025390625,10682.310505249037
2024-07-29,6850.580402709975,3834.39013671875,10684.970539428725
2024-07-30,10709.947275146498,0.0,10709.947275146498
2024-07-31,10709.947275146498,0.0,10709.947275146498
2024-08-01,10709.947275146498,0.0,10709.947275146498
2024-08-02,10709.947275146498,0.0,10709.947275146498
2024-08-05,10709.947275146498,0.0,10709.947275146498
2024-08-06,10709.947275146498,0.0,10709.947275146498
2024-08-07,10709.947275146498,0.0,10709.947275146498
2024-08-08,10709.947275146498,0.0,10709.947275146498
2024-08-09,10709.947275146498,0.0,10709.947275146498
2024-08-12,10709.947275146498,0.0,10709.947275146498
2024-08-13,10709.947275146498,0.0,10709.947275146498
2024-08-14,10709.947275146498,0.0,10709.947275146498
2024-08-15,10709.947275146498,0.0,10709.947275146498
2024-08-16,10709.947275146498,0.0,10709.947275146498
2024-08-19,10709.947275146498,0.0,10709.947275146498
2024-08-20,10709.947275146498,0.0,10709.947275146498
2024-08-21,10709.947275146498,0.0,10709.947275146498
2024-08-22,10709.947275146498,0.0,10709.947275146498
2024-08-23,10709.947275146498,0.0,10709.947275146498
2024-08-26,10709.947275146498,0.0,10709.947275146498
2024-08-27,10709.947275146498,0.0,10709.947275146498
2024-08-28,10709.947275146498,0.0,10709.947275146498
2024-08-29,10709.947275146498,0.0,10709.947275146498
2024-08-30,10709.947275146498,0.0,10709.947275146498
2024-09-03,10709.947275146498,0.0,10709.947275146498
2024-09-04,10709.947275146498,0.0,10709.947275146498
2024-09-05,10709.947275146498,0.0,10709.947275146498
2024-09-06,6835.496678039565,3803.5899658203125,10639.086643859879
2024-09-09,6835.496678039565,3846.289794921875,10681.786472961441
2024-09-10,10693.534863403336,0.0,10693.534863403336
2024-09-11,10693.534863403336,0.0,10693.534863403336
2024-09-12,10693.534863403336,0.0,10693.534863403336
2024-09-13,10693.534863403336,0.0,10693.534863403336
2024-09-16,10693.534863403336,0.0,10693.534863403336
2024-09-17,10693.534863403336,0.0,10693.534863403336
2024-09-18,10693.534863403336,0.0,10693.534863403336
2024-09-19,10693.534863403336,0.0,10693.534863403336
2024-09-20,10693.534863403336,0.0,10693.534863403336
2024-09-23,10693.534863403336,0.0,10693.534863403336
2024-09-24,10693.534863403336,0.0,10693.534863403336
2024-09-25,10693.534863403336,0.0,10693.534863403336
2024-09-26,10693.534863403336,0.0,10693.534863403336
2024-09-27,10693.534863403336,0.0,10693.534863403336
2024-09-30,10693.534863403336,0.0,10693.534863403336
2024-10-01,10693.534863403336,0.0,10693.534863403336
2024-10-02,10693.534863403336,0.0,10693.534863403336
2024-10-03,10693.534863403336,0.0,10693.534863403336
2024-10-04,10693.534863403336,0.0,10693.534863403336
2024-10-07,10693.534863403336,0.0,10693.534863403336
2024-10-08,10693.534863403336,0.0,10693.534863403336
2024-10-09,10693.534863403336,0.0,10693.534863403336
2024-10-10,10693.534863403336,0.0,10693.534863403336
2024-10-11,10693.534863403336,0.0,10693.534863403336
2024-10-14,10693.534863403336,0.0,10693.534863403336
2024-10-15,10693.534863403336,0.0,10693.534863403336
2024-10-16,10693.534863403336,0.0,10693.534863403336
2024-10-17,10693.534863403336,0.0,10693.534863403336
2024-10-18,10693.534863403336,0.0,10693.534863403336
2024-10-21,10693.534863403336,0.0,10693.534863403336
2024-10-22,10693.534863403336,0.0,10693.534863403336
2024-10-23,10693.534863403336,0.0,10693.534863403336
2024-10-24,7193.057780761735,3492.18017578125,10685.237956542984
2024-10-25,7193.057780761735,3491.400146484375,10684.457927246109
2024-10-28,10685.58165832521,0.0,10685.58165832521
2024-10-29,10685.58165832521,0.0,10685.58165832521
2024-10-30,10685.58165832521,0.0,10685.58165832521
2024-10-31,10685.58165832521,0.0,10685.58165832521
2024-11-01,6797.697658325211,3899.43994140625,10697.13759973146
2024-11-04,6797.697658325211,3888.080078125,10685.77773645021
2024-11-05,10798.173158813492,0.0,10798.173158813492
2024-11-06,10798.173158813492,0.0,10798.173158813492
2024-11-07,10798.173158813492,0.0,10798.173158813492
2024-11-08,10798.173158813492,0.0,10798.173158813492
2024-11-11,10798.173158813492,0.0,10798.173158813492
2024-11-12,10798.173158813492,0.0,10798.173158813492
2024-11-13,10798.173158813492,0.0,10798.173158813492
2024-11-14,10798.173158813492,0.0,10798.173158813492
2024-11-15,7274.072561706558,3475.9900512695312,10750.06261297609
2024-11-18,3735.9978604126136,7046.799835205078,10782.797695617692
2024-11-19,3735.9978604126136,7083.239837646484,10819.237698059098
2024-11-20,10850.715864318863,0.0,10850.715864318863
2024-11-21,10850.715864318863,0.0,10850.715864318863
2024-11-22,10850.715864318863,0.0,10850.715864318863
2024-11-25,10850.715864318863,0.0,10850.715864318863
2024-11-26,10850.715864318863,0.0,10850.715864318863
2024-11-27,10850.715864318863,0.0,10850.715864318863
2024-11-29,10850.715864318863,0.0,10850.715864318863
2024-12-02,10850.715864318863,0.0,10850.715864318863
2024-12-03,10850.715864318863,0.0,10850.715864318863
2024-12-04,10850.715864318863,0.0,10850.715864318863
2024-12-05,10850.715864318863,0.0,10850.715864318863
2024-12-06,10850.715864318863,0.0,10850.715864318863
2024-12-09,10850.715864318863,0.0,10850.715864318863
2024-12-10,10850.715864318863,0.0,10850.715864318863
2024-12-11,10848.385386901871,0.0,10848.385386901871
2024-12-12,10848.385386901871,0.0,10848.385386901871
2024-12-13,10848.385386901871,0.0,10848.385386901871
2024-12-16,10848.385386901871,0.0,10848.385386901871
2024-12-17,10848.385386901871,0.0,10848.385386901871
2024-12-18,10848.385386901871,0.0,10848.385386901871
2024-12-19,7196.407039794938,3599.1898803710938,10795.596920166032
2024-12-20,7196.407039794938,3630.6198120117188,10827.026851806657
2024-12-23,10866.543349304215,0.0,10866.543349304215
2024-12-24,10866.543349304215,0.0,10866.543349304215
2024-12-26,10866.543349304215,0.0,10866.543349304215
2024-12-27,10866.543349304215,0.0,10866.543349304215
2024-12-30,10866.543349304215,0.0,10866.543349304215
2024-12-31,7244.624878234879,3578.610076904297,10823.234955139176
2025-01-02,7244.624878234879,3571.610076904297,10816.234955139176
2025-01-03,10909.09687481691,0.0,10909.09687481691
2025-01-06,10909.09687481691,0.0,10909.09687481691
2025-01-07,10909.09687481691,0.0,10909.09687481691
2025-01-08,10909.09687481691,0.0,10909.09687481691
2025-01-10,10909.09687481691,0.0,10909.09687481691
2025-01-13,10909.09687481691,0.0,10909.09687481691
2025-01-14,10909.09687481691,0.0,10909.09687481691
2025-01-15,10909.09687481691,0.0,10909.09687481691
2025-01-16,10909.09687481691,0.0,10909.09687481691
2025-01-17,10909.09687481691,0.0,10909.09687481691
2025-01-21,10909.09687481691,0.0,10909.09687481691
2025-01-22,10909.09687481691,0.0,10909.09687481691
2025-01-23,10909.09687481691,0.0,10909.09687481691
2025-01-24,10909.09687481691,0.0,10909.09687481691
2025-01-27,10909.09687481691,0.0,10909.09687481691
2025-01-28,10909.09687481691,0.0,10909.09687481691
2025-01-29,10909.09687481691,0.0,10909.09687481691
2025-01-30,10909.09687481691,0.0,10909.09687481691
2025-01-31,10909.09687481691,0.0,10909.09687481691
2025-02-03,10909.09687481691,0.0,10909.09687481691
2025-02-04,10909.09687481691,0.0,10909.09687481691
2025-02-05,10909.09687481691,0.0,10909.09687481691
2025-02-06,10909.09687481691,0.0,10909.09687481691
2025-02-07,10909.09687481691,0.0,10909.09687481691
2025-02-10,10909.09687481691,0.0,10909.09687481691
2025-02-11,10909.09687481691,0.0,10909.09687481691
2025-02-12,10909.09687481691,0.0,10909.09687481691
2025-02-13,10909.09687481691,0.0,10909.09687481691
2025-02-14,10909.09687481691,0.0,10909.09687481691
2025-02-18,10909.09687481691,0.0,10909.09687481691
2025-02-19,10909.09687481691,0.0,10909.09687481691
2025-02-20,10909.09687481691,0.0,10909.09687481691
2025-02-21,10909.09687481691,0.0,10909.09687481691
2025-02-24,3577.15238189699,7239.0899658203125,10816.242347717303
2025-02-25,7161.454030746054,3582.4801025390625,10743.934133285116
2025-02-26,7161.454030746054,3583.68017578125,10745.134206527304
2025-02-27,10688.383409774375,0.0,10688.383409774375
2025-02-28,10688.383409774375,0.0,10688.383409774375
2025-03-03,10688.383409774375,0.0,10688.383409774375
2025-03-04,10688.383409774375,0.0,10688.383409774375
2025-03-05,10688.383409774375,0.0,10688.383409774375
2025-03-06,10688.383409774375,0.0,10688.383409774375
2025-03-07,10688.383409774375,0.0,10688.383409774375
2025-03-10,10688.383409774375,0.0,10688.383409774375
2025-03-11,10688.383409774375,0.0,10688.383409774375
2025-03-12,10688.383409774375,0.0,10688.383409774375
2025-03-13,10688.383409774375,0.0,10688.383409774375
2025-03-14,10688.383409774375,0.0,10688.383409774375
2025-03-17,10688.383409774375,0.0,10688.383409774375
2025-03-18,10688.383409774375,0.0,10688.383409774375
2025-03-19,10688.383409774375,0.0,10688.383409774375
2025-03-20,10688.383409774375,0.0,10688.383409774375
2025-03-21,10688.383409774375,0.0,10688.383409774375
2025-03-24,10688.383409774375,0.0,10688.383409774375
2025-03-25,10688.383409774375,0.0,10688.383409774375
2025-03-26,10688.383409774375,0.0,10688.383409774375
2025-03-27,10688.383409774375,0.0,10688.383409774375
2025-03-28,10688.383409774375,0.0,10688.383409774375
2025-03-31,10688.383409774375,0.0,10688.383409774375
2025-04-01,10688.383409774375,0.0,10688.383409774375
2025-04-02,10688.383409774375,0.0,10688.383409774375
2025-04-03,10688.383409774375,0.0,10688.383409774375
2025-04-04,10688.383409774375,0.0,10688.383409774375
2025-04-07,10688.383409774375,0.0,10688.383409774375
2025-04-08,10688.383409774375,0.0,10688.383409774375
2025-04-09,10688.383409774375,0.0,10688.383409774375
2025-04-10,10688.383409774375,0.0,10688.383409774375
2025-04-11,10688.383409774375,0.0,10688.383409774375
2025-04-14,10688.383409774375,0.0,10688.383409774375
2025-04-15,10688.383409774375,0.0,10688.383409774375
2025-04-16,10688.383409774375,0.0,10688.383409774375
2025-04-17,10688.383409774375,0.0,10688.383409774375
2025-04-21,10688.383409774375,0.0,10688.383409774375
2025-04-22,10688.383409774375,0.0,10688.383409774375
2025-04-23,10688.383409774375,0.0,10688.383409774375
2025-04-24,10688.383409774375,0.0,10688.383409774375
2025-04-25,10688.383409774375,0.0,10688.383409774375
2025-04-28,10688.383409774375,0.0,10688.383409774375
2025-04-29,10688.383409774375,0.0,10688.383409774375
2025-04-30,10688.383409774375,0.0,10688.383409774375
2025-05-01,10688.383409774375,0.0,10688.383409774375
2025-05-02,10688.383409774375,0.0,10688.383409774375
2025-05-05,10688.383409774375,0.0,10688.383409774375
2025-05-06,10688.383409774375,0.0,10688.383409774375
2025-05-07,10688.383409774375,0.0,10688.383409774375
2025-05-08,10688.383409774375,0.0,10688.383409774375
2025-05-09,10688.383409774375,0.0,10688.383409774375
2025-05-12,10688.383409774375,0.0,10688.383409774375
2025-05-13,10688.383409774375,0.0,10688.383409774375
2025-05-14,10688.383409774375,0.0,10688.383409774375
2025-05-15,10688.383409774375,0.0,10688.383409774375
2025-05-16,10688.383409774375,0.0,10688.383409774375
2025-05-19,10688.383409774375,0.0,10688.383409774375
2025-05-20,10688.383409774375,0.0,10688.383409774375
2025-05-21,10688.383409774375,0.0,10688.383409774375
2025-05-22,3572.955204635215,7112.56005859375,10685.515263228965
2025-05-23,3572.955204635215,7056.679931640625,10629.63513627584
2025-05-27,10787.633268050744,0.0,10787.633268050744
2025-05-28,10787.633268050744,0.0,10787.633268050744
2025-05-29,10787.633268050744,0.0,10787.633268050744
2025-05-30,10787.633268050744,0.0,10787.633268050744
2025-06-02,10787.633268050744,0.0,10787.633268050744
2025-06-03,10787.633268050744,0.0,10787.633268050744
2025-06-04,10787.633268050744,0.0,10787.633268050744
2025-06-05,10787.633268050744,0.0,10787.633268050744
2025-06-06,10787.633268050744,0.0,10787.633268050744
2025-06-09,10787.633268050744,0.0,10787.633268050744
2025-06-10,10787.633268050744,0.0,10787.633268050744
2025-06-11,10787.633268050744,0.0,10787.633268050744
2025-06-12,10787.633268050744,0.0,10787.633268050744
2025-06-13,10787.633268050744,0.0,10787.633268050744
2025-06-16,10787.633268050744,0.0,10787.633268050744
2025-06-17,10787.633268050744,0.0,10787.633268050744
2025-06-18,10787.633268050744,0.0,10787.633268050744
2025-06-20,10787.633268050744,0.0,10787.633268050744
2025-06-23,10836.322952010705,0.0,10836.322952010705
2025-06-24,10836.322952010705,0.0,10836.322952010705
2025-06-25,10836.322952010705,0.0,10836.322952010705
2025-06-26,10836.322952010705,0.0,10836.322952010705
2025-06-27,10836.322952010705,0.0,10836.322952010705
2025-06-30,10836.322952010705,0.0,10836.322952010705
2025-07-01,10836.322952010705,0.0,10836.322952010705
2025-07-02,10836.322952010705,0.0,10836.322952010705
2025-07-03,10836.322952010705,0.0,10836.322952010705
2025-07-07,10836.322952010705,0.0,10836.322952010705
2025-07-08,10836.322952010705,0.0,10836.322952010705
2025-07-09,10836.322952010705,0.0,10836.322952010705
2025-07-10,10836.322952010705,0.0,10836.322952010705
2025-07-11,10836.322952010705,0.0,10836.322952010705
2025-07-14,10836.322952010705,0.0,10836.322952010705
2025-07-15,10836.322952010705,0.0,10836.322952010705
2025-07-16,10836.322952010705,0.0,10836.322952010705
2025-07-17,10836.322952010705,0.0,10836.322952010705
2025-07-18,10836.322952010705,0.0,10836.322952010705
2025-07-21,10836.322952010705,0.0,10836.322952010705
2025-07-22,10836.322952010705,0.0,10836.322952010705
2025-07-23,10836.322952010705,0.0,10836.322952010705
2025-07-24,10836.322952010705,0.0,10836.322952010705
2025-07-25,10836.322952010705,0.0,10836.322952010705
2025-07-28,10836.322952010705,0.0,10836.322952010705
2025-07-29,10836.322952010705,0.0,10836.322952010705
2025-07-30,10836.322952010705,0.0,10836.322952010705
2025-07-31,10836.322952010705,0.0,10836.322952010705
2025-08-01,7056.386879989222,3747.900146484375,10804.287026473598
2025-08-04,10898.426735763149,0.0,10898.426735763149
2025-08-05,10898.426735763149,0.0,10898.426735763149
2025-08-06,10898.426735763149,0.0,10898.426735763149
2025-08-07,10898.426735763149,0.0,10898.426735763149
2025-08-08,10898.426735763149,0.0,10898.426735763149
2025-08-11,10898.426735763149,0.0,10898.426735763149
2025-08-12,10898.426735763149,0.0,10898.426735763149
2025-08-13,10898.426735763149,0.0,10898.426735763149
2025-08-14,10898.426735763149,0.0,10898.426735763149
2025-08-15,10898.426735763149,0.0,10898.426735763149
2025-08-18,10898.426735763149,0.0,10898.426735763149
2025-08-19,10898.426735763149,0.0,10898.426735763149
2025-08-20,3057.0431979823884,7808.6800537109375,10865.723251693325
2025-08-21,3057.0431979823884,7775.1602783203125,10832.2034763027
2025-08-22,10925.347071639615,0.0,10925.347071639615
2025-08-25,10925.347071639615,0.0,10925.347071639615
2025-08-26,10925.347071639615,0.0,10925.347071639615
2025-08-27,10925.347071639615,0.0,10925.347071639615
2025-08-28,10925.347071639615,0.0,10925.347071639615
2025-08-29,10925.347071639615,0.0,10925.347071639615
2025-09-02,10925.347071639615,0.0,10925.347071639615
2025-09-03,3057.9576345058267,7871.770080566406,10929.727715072233
2025-09-04,11041.596009383757,0.0,11041.596009383757
2025-09-05,11041.596009383757,0.0,11041.596009383757
2025-09-08,11041.596009383757,0.0,11041.596009383757
2025-09-09,11041.596009383757,0.0,11041.596009383757
2025-09-10,11041.596009383757,0.0,11041.596009383757
2025-09-11,11041.596009383757,0.0,11041.596009383757
2025-09-12,11041.596009383757,0.0,11041.596009383757
2025-09-15,11041.596009383757,0.0,11041.596009383757
2025-09-16,11041.596009383757,0.0,11041.596009383757
2025-09-17,11041.596009383757,0.0,11041.596009383757
2025-09-18,11041.596009383757,0.0,11041.596009383757
2025-09-19,11041.596009383757,0.0,11041.596009383757
2025-09-22,11041.596009383757,0.0,11041.596009383757
2025-09-23,11041.596009383757,0.0,11041.596009383757
2025-09-24,11041.596009383757,0.0,11041.596009383757
2025-09-25,11041.596009383757,0.0,11041.596009383757
2025-09-26,7493.108287948211,3575.81982421875,11068.928112166961
2025-09-29,11080.097664046843,0.0,11080.097664046843
2025-09-30,11080.097664046843,0.0,11080.097664046843
2025-10-01,11080.097664046843,0.0,11080.097664046843
2025-10-02,11080.097664046843,0.0,11080.097664046843
2025-10-03,11080.097664046843,0.0,11080.097664046843
2025-10-06,11080.097664046843,0.0,11080.097664046843
2025-10-07,11080.097664046843,0.0,11080.097664046843
2025-10-08,11080.097664046843,0.0,11080.097664046843
2025-10-09,11080.097664046843,0.0,11080.097664046843
2025-10-10,11080.097664046843,0.0,11080.097664046843
2025-10-13,3491.396426742156,7609.43994140625,11100.836368148406
2025-10-14,3491.396426742156,7580.8798828125,11072.276309554656
2025-10-15,11134.885301375945,0.0,11134.885301375945
2025-10-16,11134.885301375945,0.0,11134.885301375945
2025-10-17,11134.885301375945,0.0,11134.885301375945
2025-10-20,11134.885301375945,0.0,11134.885301375945
2025-10-21,11134.885301375945,0.0,11134.885301375945
2025-10-22,11134.885301375945,0.0,11134.885301375945
2025-10-23,11134.885301375945,0.0,11134.885301375945
2025-10-24,11134.885301375945,0.0,11134.885301375945
2025-10-27,11134.885301375945,0.0,11134.885301375945
2025-10-28,11134.885301375945,0.0,11134.885301375945
2025-10-29,11134.885301375945,0.0,11134.885301375945
2025-10-30,11134.885301375945,0.0,11134.885301375945
2025-10-31,11134.885301375945,0.0,11134.885301375945
2025-11-03,11134.885301375945,0.0,11134.885301375945
2025-11-04,11134.885301375945,0.0,11134.885301375945
2025-11-05,11134.885301375945,0.0,11134.885301375945
2025-11-06,11134.885301375945,0.0,11134.885301375945
2025-11-07,11134.885301375945,0.0,11134.885301375945
2025-11-10,11137.348507918914,0.0,11137.348507918914
2025-11-11,11137.348507918914,0.0,11137.348507918914
2025-11-12,11137.348507918914,0.0,11137.348507918914
2025-11-13,11137.348507918914,0.0,11137.348507918914
2025-11-14,7536.451281234344,3653.159912109375,11189.611193343719
2025-11-17,4168.136380111297,6966.9097900390625,11135.04617015036
2025-11-18,4168.136380111297,6895.110046386719,11063.246426498015
2025-11-19,7834.186630843718,3329.7500610351562,11163.936691878875
2025-11-20,11121.89569181784,0.0,11121.89569181784
2025-11-21,11121.89569181784,0.0,11121.89569181784
2025-11-24,11121.89569181784,0.0,11121.89569181784
2025-11-25,11121.89569181784,0.0,11121.89569181784
2025-11-26,11121.89569181784,0.0,11121.89569181784
2025-11-28,11121.89569181784,0.0,11121.89569181784
2025-12-01,11121.89569181784,0.0,11121.89569181784
2025-12-02,11121.89569181784,0.0,11121.89569181784
2025-12-03,11121.89569181784,0.0,11121.89569181784
2025-12-04,11121.89569181784,0.0,11121.89569181784
2025-12-05,11121.89569181784,0.0,11121.89569181784
2025-12-08,11121.89569181784,0.0,11121.89569181784
2025-12-09,11121.89569181784,0.0,11121.89569181784
2025-12-10,11121.89569181784,0.0,11121.89569181784
2025-12-11,11121.89569181784,0.0,11121.89569181784
2025-12-12,11121.89569181784,0.0,11121.89569181784
2025-12-15,7407.965501144012,3663.2398681640625,11071.205369308074
2025-12-16,7407.965501144012,3670.5,11078.465501144012
2025-12-17,7598.970651620288,3362.0498657226562,10961.020517342944
2025-12-18,7598.970651620288,3387.5,10986.470651620288
2025-12-19,11030.185965035815,0.0,11030.185965035815
2025-12-22,11030.185965035815,0.0,11030.185965035815
2025-12-23,11030.185965035815,0.0,11030.185965035815
2025-12-24,11030.185965035815,0.0,11030.185965035815
2025-12-26,11030.185965035815,0.0,11030.185965035815
2025-12-29,11030.185965035815,0.0,11030.185965035815
2025-12-30,11030.185965035815,0.0,11030.185965035815
2025-12-31,11030.185965035815,0.0,11030.185965035815
2026-01-02,7583.042313912768,3430.9500122070312,11013.992326119798
2026-01-05,11034.487316354174,0.0,11034.487316354174
2026-01-06,11034.487316354174,0.0,11034.487316354174
2026-01-07,11034.487316354174,0.0,11034.487316354174
2026-01-08,11034.487316354174,0.0,11034.487316354174
2026-01-09,11034.487316354174,0.0,11034.487316354174
2026-01-12,11034.487316354174,0.0,11034.487316354174
2026-01-13,11034.487316354174,0.0,11034.487316354174
2026-01-14,11034.487316354174,0.0,11034.487316354174
2026-01-15,7271.127862985034,3730.68017578125,11001.808038766285
2026-01-16,7271.127862985034,3727.56005859375,10998.687921578785
2026-01-20,10917.936074083333,0.0,10917.936074083333
2026-01-21,10917.936074083333,0.0,10917.936074083333
2026-01-22,10917.936074083333,0.0,10917.936074083333
2026-01-23,10917.936074083333,0.0,10917.936074083333
2026-01-26,10917.936074083333,0.0,10917.936074083333
2026-01-27,10917.936074083333,0.0,10917.936074083333
2026-01-28,10917.936074083333,0.0,10917.936074083333
2026-01-29,10917.936074083333,0.0,10917.936074083333
2026-01-30,10917.936074083333,0.0,10917.936074083333
2026-02-02,7202.023800767904,3756.840087890625,10958.863888658529
2026-02-03,7202.023800767904,3699.1201171875,10901.143917955404
2026-02-04,10802.854270978754,0.0,10802.854270978754
2026-02-05,7379.784657636469,3402.60009765625,10782.384755292718
2026-02-06,10838.772158857173,0.0,10838.772158857173
2026-02-09,10838.772158857173,0.0,10838.772158857173
2026-02-10,10838.772158857173,0.0,10838.772158857173
2026-02-11,10838.772158857173,0.0,10838.772158857173
2026-02-12,10838.772158857173,0.0,10838.772158857173
2026-02-13,10838.772158857173,0.0,10838.772158857173
2026-02-17,10838.772158857173,0.0,10838.772158857173
2026-02-18,10838.772158857173,0.0,10838.772158857173
2026-02-19,10838.772158857173,0.0,10838.772158857173
2026-02-20,10838.772158857173,0.0,10838.772158857173
2026-02-23,10838.772158857173,0.0,10838.772158857173
2026-02-24,10838.772158857173,0.0,10838.772158857173
2026-02-25,10838.772158857173,0.0,10838.772158857173
2026-02-26,10838.772158857173,0.0,10838.772158857173
2026-02-27,10838.772158857173,0.0,10838.772158857173
2026-03-02,10838.772158857173,0.0,10838.772158857173
2026-03-03,10838.772158857173,0.0,10838.772158857173
2026-03-04,10838.772158857173,0.0,10838.772158857173
2026-03-05,10838.772158857173,0.0,10838.772158857173
2026-03-06,10838.772158857173,0.0,10838.772158857173
2026-03-09,10838.772158857173,0.0,10838.772158857173
2026-03-10,10838.772158857173,0.0,10838.772158857173
2026-03-11,10838.772158857173,0.0,10838.772158857173
2026-03-12,10838.772158857173,0.0,10838.772158857173
2026-03-13,10838.772158857173,0.0,10838.772158857173
2026-03-16,10838.772158857173,0.0,10838.772158857173
2026-03-17,10838.772158857173,0.0,10838.772158857173
2026-03-18,10838.772158857173,0.0,10838.772158857173
2026-03-19,10838.772158857173,0.0,10838.772158857173
2026-03-20,10838.772158857173,0.0,10838.772158857173
2026-03-23,10838.772158857173,0.0,10838.772158857173
2026-03-24,10838.772158857173,0.0,10838.772158857173
2026-03-25,10838.772158857173,0.0,10838.772158857173
2026-03-26,10838.772158857173,0.0,10838.772158857173
2026-03-27,10838.772158857173,0.0,10838.772158857173
2026-03-30,10838.772158857173,0.0,10838.772158857173
2026-03-31,10838.772158857173,0.0,10838.772158857173
2026-04-01,10838.772158857173,0.0,10838.772158857173
2026-04-02,10838.772158857173,0.0,10838.772158857173
2026-04-06,10838.772158857173,0.0,10838.772158857173
2026-04-07,10838.772158857173,0.0,10838.772158857173
2026-04-08,10838.772158857173,0.0,10838.772158857173
2026-04-09,10838.772158857173,0.0,10838.772158857173
2026-04-10,10838.772158857173,0.0,10838.772158857173
2026-04-13,10838.772158857173,0.0,10838.772158857173
2026-04-14,10838.772158857173,0.0,10838.772158857173
2026-04-15,10838.772158857173,0.0,10838.772158857173
2026-04-16,10838.772158857173,0.0,10838.772158857173
2026-04-17,10838.772158857173,0.0,10838.772158857173
